BEGIN TRANSACTION;
CREATE TABLE IF NOT EXISTS `Rules` (
	`noun`	TEXT,
	`result`	TEXT
);
INSERT INTO `Rules` VALUES ('кот','млекопитающее');
INSERT INTO `Rules` VALUES ('мост','сооружение');
INSERT INTO `Rules` VALUES ('художник','адвокат');
INSERT INTO `Rules` VALUES ('ложка','прибор');
INSERT INTO `Rules` VALUES ('замок','механизм');
INSERT INTO `Rules` VALUES ('урок','занятие');
INSERT INTO `Rules` VALUES ('компьютер','машина');
INSERT INTO `Rules` VALUES ('менеджер','сотрудник');
INSERT INTO `Rules` VALUES ('вирус','программа');
INSERT INTO `Rules` VALUES ('ножницы','инструмент');
CREATE TABLE IF NOT EXISTS `Nouns` (
	`noun`	TEXT,
	`param`	TEXT,
	`class`	INTEGER
);
INSERT INTO `Nouns` VALUES ('кот','цвет',1);
INSERT INTO `Nouns` VALUES ('кот','свойство',1);
INSERT INTO `Nouns` VALUES ('кот','оценка',1);
INSERT INTO `Nouns` VALUES ('кот','отношение',1);
INSERT INTO `Nouns` VALUES ('кот','место',1);
INSERT INTO `Nouns` VALUES ('кот','звук',1);
INSERT INTO `Nouns` VALUES ('кот','запах',1);
INSERT INTO `Nouns` VALUES ('кот','время',1);
INSERT INTO `Nouns` VALUES ('кот','размер',3);
INSERT INTO `Nouns` VALUES ('мост','форма',1);
INSERT INTO `Nouns` VALUES ('мост','отношение',1);
INSERT INTO `Nouns` VALUES ('мост','место',1);
INSERT INTO `Nouns` VALUES ('мост','измерение',1);
INSERT INTO `Nouns` VALUES ('мост','время',1);
INSERT INTO `Nouns` VALUES ('мост','размер',3);
INSERT INTO `Nouns` VALUES ('художник','цвет',1);
INSERT INTO `Nouns` VALUES ('художник','температура',1);
INSERT INTO `Nouns` VALUES ('художник','свойство',1);
INSERT INTO `Nouns` VALUES ('художник','оценка',2);
INSERT INTO `Nouns` VALUES ('художник','место',1);
INSERT INTO `Nouns` VALUES ('художник','измерение',2);
INSERT INTO `Nouns` VALUES ('художник','время',1);
INSERT INTO `Nouns` VALUES ('художник','размер',1);
INSERT INTO `Nouns` VALUES ('замок','форма',2);
INSERT INTO `Nouns` VALUES ('замок','свойство',1);
INSERT INTO `Nouns` VALUES ('замок','отношение',1);
INSERT INTO `Nouns` VALUES ('замок','измерение',1);
INSERT INTO `Nouns` VALUES ('замок','время',1);
INSERT INTO `Nouns` VALUES ('замок','размер',3);
INSERT INTO `Nouns` VALUES (NULL,NULL,NULL);
INSERT INTO `Nouns` VALUES (NULL,NULL,NULL);
INSERT INTO `Nouns` VALUES (NULL,NULL,NULL);
INSERT INTO `Nouns` VALUES (NULL,NULL,NULL);
INSERT INTO `Nouns` VALUES (NULL,NULL,NULL);
INSERT INTO `Nouns` VALUES (NULL,NULL,NULL);
INSERT INTO `Nouns` VALUES (NULL,NULL,NULL);
CREATE TABLE IF NOT EXISTS `Metaparams` (
	`Id`	INTEGER PRIMARY KEY AUTOINCREMENT,
	`param`	INTEGER
);
INSERT INTO `Metaparams` VALUES (1,'цвет');
INSERT INTO `Metaparams` VALUES (2,'форма');
INSERT INTO `Metaparams` VALUES (3,'температура');
INSERT INTO `Metaparams` VALUES (4,'свойство');
INSERT INTO `Metaparams` VALUES (5,'оценка');
INSERT INTO `Metaparams` VALUES (6,'отношение');
INSERT INTO `Metaparams` VALUES (7,'место');
INSERT INTO `Metaparams` VALUES (8,'измерение');
INSERT INTO `Metaparams` VALUES (9,'звук');
INSERT INTO `Metaparams` VALUES (10,'запах');
INSERT INTO `Metaparams` VALUES (11,'время');
INSERT INTO `Metaparams` VALUES (12,'вкус');
INSERT INTO `Metaparams` VALUES (13,'размер');
CREATE TABLE IF NOT EXISTS `Dict` (
	`word`	TEXT NOT NULL UNIQUE,
	`params`	TEXT,
	`anim`	INTEGER
);
INSERT INTO `Dict` VALUES ('АГРЕССИВНЫЙ','свойство',1);
INSERT INTO `Dict` VALUES ('АКТИВНЫЙ','оценка',1);
INSERT INTO `Dict` VALUES ('АЛЫЙ','цвет',1);
INSERT INTO `Dict` VALUES ('АМЕРИКАНСКИЙ','место',1);
INSERT INTO `Dict` VALUES ('АНГЛИЙСКИЙ','место',1);
INSERT INTO `Dict` VALUES ('АНТИЧНЫЙ','время',1);
INSERT INTO `Dict` VALUES ('АППЕТИТНЫЙ','свойство',0);
INSERT INTO `Dict` VALUES ('АРГЕНТИНСКИЙ','место',1);
INSERT INTO `Dict` VALUES ('БАРХАТНЫЙ','свойство',0);
INSERT INTO `Dict` VALUES ('БЕЗЗВУЧНЫЙ','звук',1);
INSERT INTO `Dict` VALUES ('БЕЗРАЗМЕРНЫЙ','размер',0);
INSERT INTO `Dict` VALUES ('БЕЛОРУССКИЙ','место',1);
INSERT INTO `Dict` VALUES ('БЕЛЫЙ','цвет',1);
INSERT INTO `Dict` VALUES ('БЕССТЫЖИЙ','оценка',1);
INSERT INTO `Dict` VALUES ('БЕСШУМНЫЙ','звук',1);
INSERT INTO `Dict` VALUES ('БЛЕДНЫЙ','цвет',1);
INSERT INTO `Dict` VALUES ('БЛИЖАЙШИЙ','место',0);
INSERT INTO `Dict` VALUES ('БЛИЗЛЕЖАЩИЙ','место',0);
INSERT INTO `Dict` VALUES ('БОГАТЫЙ','оценка',1);
INSERT INTO `Dict` VALUES ('БОЛОТНЫЙ','цвет',1);
INSERT INTO `Dict` VALUES ('БРИЛЛИАНТОВЫЙ','отношение',0);
INSERT INTO `Dict` VALUES ('ВЕРНЫЙ','оценка',1);
INSERT INTO `Dict` VALUES ('ВЕСЕННИЙ','время',1);
INSERT INTO `Dict` VALUES ('ВЕТРЕНЫЙ','свойство',0);
INSERT INTO `Dict` VALUES ('ВЕЧНЫЙ','время',0);
INSERT INTO `Dict` VALUES ('ВКУСНЫЙ','вкус',0);
INSERT INTO `Dict` VALUES ('ВОЛОСАТЫЙ','свойство',1);
INSERT INTO `Dict` VALUES ('ВОНЮЧИЙ','запах',1);
INSERT INTO `Dict` VALUES ('ВОРЧЛИВЫЙ','оценка',1);
INSERT INTO `Dict` VALUES ('ВОСЬМИЛЕТНИЙ','измерение',1);
INSERT INTO `Dict` VALUES ('ВРЕДНЫЙ','оценка',1);
INSERT INTO `Dict` VALUES ('ВЫНОСЛИВЫЙ','оценка',1);
INSERT INTO `Dict` VALUES ('ВЫСОКИЙ','размер',1);
INSERT INTO `Dict` VALUES ('ГАДКИЙ','свойство',1);
INSERT INTO `Dict` VALUES ('ГЛАДКИЙ','форма',0);
INSERT INTO `Dict` VALUES ('ГОЛЫЙ','свойство',1);
INSERT INTO `Dict` VALUES ('ГОРДЫЙ','оценка',1);
INSERT INTO `Dict` VALUES ('ГОРЯЧИЙ','температура',1);
INSERT INTO `Dict` VALUES ('ГРОМАДНЫЙ','размер',1);
INSERT INTO `Dict` VALUES ('ГРОМКИЙ','звук',1);
INSERT INTO `Dict` VALUES ('ГРУБЫЙ','оценка',1);
INSERT INTO `Dict` VALUES ('ГРЯЗНЫЙ','свойство',1);
INSERT INTO `Dict` VALUES ('ДИКИЙ','свойство',1);
INSERT INTO `Dict` VALUES ('ДОБРЫЙ','оценка',1);
INSERT INTO `Dict` VALUES ('ДОВЕРЧИВЫЙ','оценка',1);
INSERT INTO `Dict` VALUES ('ЖАДНЫЙ','оценка',1);
INSERT INTO `Dict` VALUES ('ЖАЛКИЙ','оценка',1);
INSERT INTO `Dict` VALUES ('ЖЕЛЕЗНЫЙ','отношение',0);
INSERT INTO `Dict` VALUES ('ЖЕСТОКИЙ','оценка',1);
INSERT INTO `Dict` VALUES ('ЗАУРЯДНЫЙ','оценка',1);
INSERT INTO `Dict` VALUES ('ЗВУЧНЫЙ','звук',1);
INSERT INTO `Dict` VALUES ('ИЗМЕНЧИВЫЙ','свойство',1);
INSERT INTO `Dict` VALUES ('ИТАЛЬЯНСКИЙ','место',1);
INSERT INTO `Dict` VALUES ('КАМЕНИСТЫЙ','свойство',0);
INSERT INTO `Dict` VALUES ('КАПРИЗНЫЙ','оценка',1);
INSERT INTO `Dict` VALUES ('КВАДРАТНЫЙ','форма',0);
INSERT INTO `Dict` VALUES ('КИСЛЫЙ','вкус',0);
INSERT INTO `Dict` VALUES ('КОЛЮЧИЙ','свойство',0);
INSERT INTO `Dict` VALUES ('КОРОТКИЙ','размер',1);
INSERT INTO `Dict` VALUES ('КРАСНЫЙ','цвет',1);
INSERT INTO `Dict` VALUES ('КРЕПКИЙ','свойство',0);
INSERT INTO `Dict` VALUES ('КРОХОТНЫЙ','размер',1);
INSERT INTO `Dict` VALUES ('КРОШЕЧНЫЙ','размер',1);
INSERT INTO `Dict` VALUES ('КРУГЛЫЙ','форма',0);
INSERT INTO `Dict` VALUES ('КРУПНЫЙ','размер',1);
INSERT INTO `Dict` VALUES ('ЛАСКОВЫЙ','свойство',1);
INSERT INTO `Dict` VALUES ('ЛЕДЯНОЙ','температура',1);
INSERT INTO `Dict` VALUES ('ЛЖИВЫЙ','свойство',1);
INSERT INTO `Dict` VALUES ('ЛИПКИЙ','свойство',0);
INSERT INTO `Dict` VALUES ('ЛОВКИЙ','оценка',1);
INSERT INTO `Dict` VALUES ('МОКРЫЙ','свойство',1);
INSERT INTO `Dict` VALUES ('МРАЧНЫЙ','свойство',1);
INSERT INTO `Dict` VALUES ('МУДРЫЙ','оценка',1);
INSERT INTO `Dict` VALUES ('НЕПЛОХОЙ','оценка',1);
INSERT INTO `Dict` VALUES ('НИЗКИЙ','размер',1);
INSERT INTO `Dict` VALUES ('НОЧНОЙ','время',1);
INSERT INTO `Dict` VALUES ('ОВАЛЬНЫЙ','форма',0);
INSERT INTO `Dict` VALUES ('ОСТРЫЙ','свойство',0);
INSERT INTO `Dict` VALUES ('ОТВРАТИТЕЛЬНЫЙ','оценка',1);
INSERT INTO `Dict` VALUES ('ПАЛЕОЗОЙСКИЙ','время',1);
INSERT INTO `Dict` VALUES ('ПЕГИЙ','цвет',1);
INSERT INTO `Dict` VALUES ('ПЛОСКИЙ','форма',0);
INSERT INTO `Dict` VALUES ('ПЛОХОЙ','оценка',1);
INSERT INTO `Dict` VALUES ('ПОЗДНИЙ','время',1);
INSERT INTO `Dict` VALUES ('ПОЛЫЙ','свойство',0);
INSERT INTO `Dict` VALUES ('ПРИГОРОДНЫЙ','место',0);
INSERT INTO `Dict` VALUES ('ПРИШЛЫЙ','свойство',1);
INSERT INTO `Dict` VALUES ('ПРОЧНЫЙ','свойство',0);
INSERT INTO `Dict` VALUES ('ПУХЛЫЙ','свойство',1);
INSERT INTO `Dict` VALUES ('РАДОСТНЫЙ','свойство',1);
INSERT INTO `Dict` VALUES ('РАДУЖНЫЙ','цвет',1);
INSERT INTO `Dict` VALUES ('РАДУШНЫЙ','свойство',1);
INSERT INTO `Dict` VALUES ('РАННИЙ','время',1);
INSERT INTO `Dict` VALUES ('РЕДКИЙ','свойство',0);
INSERT INTO `Dict` VALUES ('РОЗОВЫЙ','цвет',1);
INSERT INTO `Dict` VALUES ('РОССИЙСКИЙ','место',1);
INSERT INTO `Dict` VALUES ('РУЧНОЙ','отношение',1);
INSERT INTO `Dict` VALUES ('СВЕЖИЙ','оценка',0);
INSERT INTO `Dict` VALUES ('СЕРЫЙ','цвет',1);
INSERT INTO `Dict` VALUES ('СЛАБЫЙ','оценка',1);
INSERT INTO `Dict` VALUES ('СЛАДКИЙ','вкус',0);
INSERT INTO `Dict` VALUES ('СМЕЛЫЙ','оценка',1);
INSERT INTO `Dict` VALUES ('СПЕЛЫЙ','оценка',0);
INSERT INTO `Dict` VALUES ('СТАРИННЫЙ','время',0);
INSERT INTO `Dict` VALUES ('ТВЕРДЫЙ','свойство',0);
INSERT INTO `Dict` VALUES ('ТИХИЙ','звук',1);
INSERT INTO `Dict` VALUES ('ТОНКИЙ','форма',0);
INSERT INTO `Dict` VALUES ('ТОЧНЫЙ','свойство',0);
INSERT INTO `Dict` VALUES ('ТЯЖЕЛЫЙ','свойство',1);
INSERT INTO `Dict` VALUES ('УДАЧНЫЙ','оценка',0);
INSERT INTO `Dict` VALUES ('УЖАСНЫЙ','оценка',1);
INSERT INTO `Dict` VALUES ('УКРАИНСКИЙ','место',1);
INSERT INTO `Dict` VALUES ('УНЫЛЫЙ','оценка',1);
INSERT INTO `Dict` VALUES ('УЮТНЫЙ','оценка',0);
INSERT INTO `Dict` VALUES ('ФИОЛЕТОВЫЙ','цвет',1);
INSERT INTO `Dict` VALUES ('ХАМСКИЙ','оценка',0);
INSERT INTO `Dict` VALUES ('ХОЛОДНЫЙ','температура',1);
INSERT INTO `Dict` VALUES ('ЦЕЛЫЙ','измерение',0);
INSERT INTO `Dict` VALUES ('ЦЕННЫЙ','оценка',1);
INSERT INTO `Dict` VALUES ('ЧЕРНЫЙ','цвет',1);
INSERT INTO `Dict` VALUES ('ЧЕСТНЫЙ','оценка',1);
INSERT INTO `Dict` VALUES ('ЧИСТЫЙ','свойство',1);
INSERT INTO `Dict` VALUES ('ЧУДЕСНЫЙ','свойство',0);
INSERT INTO `Dict` VALUES ('ЧУДНОЙ','свойство',1);
INSERT INTO `Dict` VALUES ('ЧУЖОЙ','свойство',1);
INSERT INTO `Dict` VALUES ('ШВЕДСКИЙ','место',1);
INSERT INTO `Dict` VALUES ('ШЕРШАВЫЙ','форма',0);
INSERT INTO `Dict` VALUES ('ШЕСТИКРАТНЫЙ','измерение',1);
INSERT INTO `Dict` VALUES ('ШЕСТИЛЕТНИЙ','измерение',1);
INSERT INTO `Dict` VALUES ('ШУМНЫЙ','звук',1);
INSERT INTO `Dict` VALUES ('ЯДОВИТЫЙ','свойство',0);
INSERT INTO `Dict` VALUES ('ЯПОНСКИЙ','место',1);
INSERT INTO `Dict` VALUES ('ЯСНЫЙ','свойство',0);
INSERT INTO `Dict` VALUES ('БЛАГОУХАЮЩИЙ','запах',1);
COMMIT;
